system:index,NDVI,year,.geo
0_0,-770.03204,1985,"{""geodesic"":false,""type"":""Point"",""coordinates"":[-62.21700216776862,-3.4652961242552602]}"
0_1,-765.2812,1985,"{""geodesic"":false,""type"":""Point"",""coordinates"":[-62.21673267318339,-3.4652961242552602]}"
0_2,-797.3971,1985,"{""geodesic"":false,""type"":""Point"",""coordinates"":[-62.216463178598154,-3.4652961242552602]}"
0_3,-828.3379,1985,"{""geodesic"":false,""type"":""Point"",""coordinates"":[-62.216193684012914,-3.4652961242552602]}"
0_4,-809.34296,1985,"{""geodesic"":false,""type"":""Point"",""coordinates"":[-62.21700216776862,-3.4650266296700245]}"
0_5,-817.43005,1985,"{""geodesic"":false,""type"":""Point"",""coordinates"":[-62.21673267318339,-3.4650266296700245]}"
0_6,-821.727,1985,"{""geodesic"":false,""type"":""Point"",""coordinates"":[-62.216463178598154,-3.4650266296700245]}"
0_7,-837.89,1985,"{""geodesic"":false,""type"":""Point"",""coordinates"":[-62.216193684012914,-3.4650266296700245]}"
0_8,-794.92676,1985,"{""geodesic"":false,""type"":""Point"",""coordinates"":[-62.21700216776862,-3.4647571350847888]}"
0_9,-814.89844,1985,"{""geodesic"":false,""type"":""Point"",""coordinates"":[-62.21673267318339,-3.4647571350847888]}"
0_10,-828.3379,1985,"{""geodesic"":false,""type"":""Point"",""coordinates"":[-62.216463178598154,-3.4647571350847888]}"
0_11,-825.7864,1985,"{""geodesic"":false,""type"":""Point"",""coordinates"":[-62.216193684012914,-3.4647571350847888]}"
0_12,-788.8525,1985,"{""geodesic"":false,""type"":""Point"",""coordinates"":[-62.21700216776862,-3.464487640499553]}"
0_13,-831.48706,1985,"{""geodesic"":false,""type"":""Point"",""coordinates"":[-62.21673267318339,-3.464487640499553]}"
0_14,-818.3134,1985,"{""geodesic"":false,""type"":""Point"",""coordinates"":[-62.216463178598154,-3.464487640499553]}"
0_15,-817.6556,1985,"{""geodesic"":false,""type"":""Point"",""coordinates"":[-62.216193684012914,-3.464487640499553]}"
1_0,-754.0421,1986,"{""geodesic"":false,""type"":""Point"",""coordinates"":[-62.21700216776862,-3.4652961242552602]}"
1_1,-722.4986,1986,"{""geodesic"":false,""type"":""Point"",""coordinates"":[-62.21673267318339,-3.4652961242552602]}"
1_2,-774.4834,1986,"{""geodesic"":false,""type"":""Point"",""coordinates"":[-62.216463178598154,-3.4652961242552602]}"
1_3,-809.99243,1986,"{""geodesic"":false,""type"":""Point"",""coordinates"":[-62.216193684012914,-3.4652961242552602]}"
1_4,-792.0937,1986,"{""geodesic"":false,""type"":""Point"",""coordinates"":[-62.21700216776862,-3.4650266296700245]}"
1_5,-779.0493,1986,"{""geodesic"":false,""type"":""Point"",""coordinates"":[-62.21673267318339,-3.4650266296700245]}"
1_6,-833.4636,1986,"{""geodesic"":false,""type"":""Point"",""coordinates"":[-62.216463178598154,-3.4650266296700245]}"
1_7,-824.5736,1986,"{""geodesic"":false,""type"":""Point"",""coordinates"":[-62.216193684012914,-3.4650266296700245]}"
1_8,-749.02637,1986,"{""geodesic"":false,""type"":""Point"",""coordinates"":[-62.21700216776862,-3.4647571350847888]}"
1_9,-775.9753,1986,"{""geodesic"":false,""type"":""Point"",""coordinates"":[-62.21673267318339,-3.4647571350847888]}"
1_10,-803.13727,1986,"{""geodesic"":false,""type"":""Point"",""coordinates"":[-62.216463178598154,-3.4647571350847888]}"
1_11,-775.9753,1986,"{""geodesic"":false,""type"":""Point"",""coordinates"":[-62.216193684012914,-3.4647571350847888]}"
1_12,-741.1207,1986,"{""geodesic"":false,""type"":""Point"",""coordinates"":[-62.21700216776862,-3.464487640499553]}"
1_13,-758.7354,1986,"{""geodesic"":false,""type"":""Point"",""coordinates"":[-62.21673267318339,-3.464487640499553]}"
1_14,-813.2398,1986,"{""geodesic"":false,""type"":""Point"",""coordinates"":[-62.216463178598154,-3.464487640499553]}"
1_15,-778.2666,1986,"{""geodesic"":false,""type"":""Point"",""coordinates"":[-62.216193684012914,-3.464487640499553]}"
2_0,-799.1788,1987,"{""geodesic"":false,""type"":""Point"",""coordinates"":[-62.21700216776862,-3.4652961242552602]}"
2_1,-836.8691,1987,"{""geodesic"":false,""type"":""Point"",""coordinates"":[-62.21673267318339,-3.4652961242552602]}"
2_2,-820.1946,1987,"{""geodesic"":false,""type"":""Point"",""coordinates"":[-62.216463178598154,-3.4652961242552602]}"
2_3,-836.68494,1987,"{""geodesic"":false,""type"":""Point"",""coordinates"":[-62.216193684012914,-3.4652961242552602]}"
2_4,-813.2593,1987,"{""geodesic"":false,""type"":""Point"",""coordinates"":[-62.21700216776862,-3.4650266296700245]}"
2_5,-851.74725,1987,"{""geodesic"":false,""type"":""Point"",""coordinates"":[-62.21673267318339,-3.4650266296700245]}"
2_6,-831.5525,1987,"{""geodesic"":false,""type"":""Point"",""coordinates"":[-62.216463178598154,-3.4650266296700245]}"
2_7,-839.5618,1987,"{""geodesic"":false,""type"":""Point"",""coordinates"":[-62.216193684012914,-3.4650266296700245]}"
2_8,-827.2379,1987,"{""geodesic"":false,""type"":""Point"",""coordinates"":[-62.21700216776862,-3.4647571350847888]}"
2_9,-828.8087,1987,"{""geodesic"":false,""type"":""Point"",""coordinates"":[-62.21673267318339,-3.4647571350847888]}"
2_10,-823.16064,1987,"{""geodesic"":false,""type"":""Point"",""coordinates"":[-62.216463178598154,-3.4647571350847888]}"
2_11,-823.16064,1987,"{""geodesic"":false,""type"":""Point"",""coordinates"":[-62.216193684012914,-3.4647571350847888]}"
2_12,-789.57983,1987,"{""geodesic"":false,""type"":""Point"",""coordinates"":[-62.21700216776862,-3.464487640499553]}"
2_13,-816.4449,1987,"{""geodesic"":false,""type"":""Point"",""coordinates"":[-62.21673267318339,-3.464487640499553]}"
2_14,-848.09265,1987,"{""geodesic"":false,""type"":""Point"",""coordinates"":[-62.216463178598154,-3.464487640499553]}"
2_15,-820.1946,1987,"{""geodesic"":false,""type"":""Point"",""coordinates"":[-62.216193684012914,-3.464487640499553]}"
3_0,-824.13794,1988,"{""geodesic"":false,""type"":""Point"",""coordinates"":[-62.21700216776862,-3.4652961242552602]}"
3_1,-824.13794,1988,"{""geodesic"":false,""type"":""Point"",""coordinates"":[-62.21673267318339,-3.4652961242552602]}"
3_2,-806.4729,1988,"{""geodesic"":false,""type"":""Point"",""coordinates"":[-62.216463178598154,-3.4652961242552602]}"
3_3,-824.739,1988,"{""geodesic"":false,""type"":""Point"",""coordinates"":[-62.216193684012914,-3.4652961242552602]}"
3_4,-781.457,1988,"{""geodesic"":false,""type"":""Point"",""coordinates"":[-62.21700216776862,-3.4650266296700245]}"
3_5,-814.60675,1988,"{""geodesic"":false,""type"":""Point"",""coordinates"":[-62.21673267318339,-3.4650266296700245]}"
3_6,-827.0366,1988,"{""geodesic"":false,""type"":""Point"",""coordinates"":[-62.216463178598154,-3.4650266296700245]}"
3_7,-829.8003,1988,"{""geodesic"":false,""type"":""Point"",""coordinates"":[-62.216193684012914,-3.4650266296700245]}"
3_8,-787.7814,1988,"{""geodesic"":false,""type"":""Point"",""coordinates"":[-62.21700216776862,-3.4647571350847888]}"
3_9,-824.68353,1988,"{""geodesic"":false,""type"":""Point"",""coordinates"":[-62.21673267318339,-3.4647571350847888]}"
3_10,-816.49554,1988,"{""geodesic"":false,""type"":""Point"",""coordinates"":[-62.216463178598154,-3.4647571350847888]}"
3_11,-816.49554,1988,"{""geodesic"":false,""type"":""Point"",""coordinates"":[-62.216193684012914,-3.4647571350847888]}"
3_12,-774.3732,1988,"{""geodesic"":false,""type"":""Point"",""coordinates"":[-62.21700216776862,-3.464487640499553]}"
3_13,-745.68286,1988,"{""geodesic"":false,""type"":""Point"",""coordinates"":[-62.21673267318339,-3.464487640499553]}"
3_14,-813.59357,1988,"{""geodesic"":false,""type"":""Point"",""coordinates"":[-62.216463178598154,-3.464487640499553]}"
3_15,-839.59045,1988,"{""geodesic"":false,""type"":""Point"",""coordinates"":[-62.216193684012914,-3.464487640499553]}"
5_0,-761.3365,1990,"{""geodesic"":false,""type"":""Point"",""coordinates"":[-62.21700216776862,-3.4652961242552602]}"
5_1,-740.09625,1990,"{""geodesic"":false,""type"":""Point"",""coordinates"":[-62.21673267318339,-3.4652961242552602]}"
5_2,-768.01056,1990,"{""geodesic"":false,""type"":""Point"",""coordinates"":[-62.216463178598154,-3.4652961242552602]}"
5_3,-780.89886,1990,"{""geodesic"":false,""type"":""Point"",""coordinates"":[-62.216193684012914,-3.4652961242552602]}"
5_4,-762.1415,1990,"{""geodesic"":false,""type"":""Point"",""coordinates"":[-62.21700216776862,-3.4650266296700245]}"
5_5,-761.3365,1990,"{""geodesic"":false,""type"":""Point"",""coordinates"":[-62.21673267318339,-3.4650266296700245]}"
5_6,-772.13544,1990,"{""geodesic"":false,""type"":""Point"",""coordinates"":[-62.216463178598154,-3.4650266296700245]}"
5_7,-798.96906,1990,"{""geodesic"":false,""type"":""Point"",""coordinates"":[-62.216193684012914,-3.4650266296700245]}"
5_8,-745.1766,1990,"{""geodesic"":false,""type"":""Point"",""coordinates"":[-62.21700216776862,-3.4647571350847888]}"
5_9,-761.3365,1990,"{""geodesic"":false,""type"":""Point"",""coordinates"":[-62.21673267318339,-3.4647571350847888]}"
5_10,-784.45593,1990,"{""geodesic"":false,""type"":""Point"",""coordinates"":[-62.216463178598154,-3.4647571350847888]}"
5_11,-775.49713,1990,"{""geodesic"":false,""type"":""Point"",""coordinates"":[-62.216193684012914,-3.4647571350847888]}"
5_12,-761.3365,1990,"{""geodesic"":false,""type"":""Point"",""coordinates"":[-62.21700216776862,-3.464487640499553]}"
5_13,-765.0218,1990,"{""geodesic"":false,""type"":""Point"",""coordinates"":[-62.21673267318339,-3.464487640499553]}"
5_14,-788.43536,1990,"{""geodesic"":false,""type"":""Point"",""coordinates"":[-62.216463178598154,-3.464487640499553]}"
5_15,-791.7643,1990,"{""geodesic"":false,""type"":""Point"",""coordinates"":[-62.216193684012914,-3.464487640499553]}"
6_0,-567.74005,1991,"{""geodesic"":false,""type"":""Point"",""coordinates"":[-62.21700216776862,-3.4652961242552602]}"
6_1,-538.2708,1991,"{""geodesic"":false,""type"":""Point"",""coordinates"":[-62.21673267318339,-3.4652961242552602]}"
6_2,-593.56244,1991,"{""geodesic"":false,""type"":""Point"",""coordinates"":[-62.216463178598154,-3.4652961242552602]}"
6_3,-593.56244,1991,"{""geodesic"":false,""type"":""Point"",""coordinates"":[-62.216193684012914,-3.4652961242552602]}"
6_4,-561.66925,1991,"{""geodesic"":false,""type"":""Point"",""coordinates"":[-62.21700216776862,-3.4650266296700245]}"
6_5,-594.6255,1991,"{""geodesic"":false,""type"":""Point"",""coordinates"":[-62.21673267318339,-3.4650266296700245]}"
6_6,-583.5662,1991,"{""geodesic"":false,""type"":""Point"",""coordinates"":[-62.216463178598154,-3.4650266296700245]}"
6_7,-573.1882,1991,"{""geodesic"":false,""type"":""Point"",""coordinates"":[-62.216193684012914,-3.4650266296700245]}"
6_8,-567.74005,1991,"{""geodesic"":false,""type"":""Point"",""coordinates"":[-62.21700216776862,-3.4647571350847888]}"
6_9,-551.9816,1991,"{""geodesic"":false,""type"":""Point"",""coordinates"":[-62.21673267318339,-3.4647571350847888]}"
6_10,-573.1882,1991,"{""geodesic"":false,""type"":""Point"",""coordinates"":[-62.216463178598154,-3.4647571350847888]}"
6_11,-588.62506,1991,"{""geodesic"":false,""type"":""Point"",""coordinates"":[-62.216193684012914,-3.4647571350847888]}"
6_12,-573.1882,1991,"{""geodesic"":false,""type"":""Point"",""coordinates"":[-62.21700216776862,-3.464487640499553]}"
6_13,-573.1882,1991,"{""geodesic"":false,""type"":""Point"",""coordinates"":[-62.21673267318339,-3.464487640499553]}"
6_14,-573.1882,1991,"{""geodesic"":false,""type"":""Point"",""coordinates"":[-62.216463178598154,-3.464487640499553]}"
6_15,-578.3814,1991,"{""geodesic"":false,""type"":""Point"",""coordinates"":[-62.216193684012914,-3.464487640499553]}"
7_0,-776.11383,1992,"{""geodesic"":false,""type"":""Point"",""coordinates"":[-62.21700216776862,-3.4652961242552602]}"
7_1,-750.5215,1992,"{""geodesic"":false,""type"":""Point"",""coordinates"":[-62.21673267318339,-3.4652961242552602]}"
7_2,-773.9772,1992,"{""geodesic"":false,""type"":""Point"",""coordinates"":[-62.216463178598154,-3.4652961242552602]}"
7_3,-755.3816,1992,"{""geodesic"":false,""type"":""Point"",""coordinates"":[-62.216193684012914,-3.4652961242552602]}"
7_4,-733.2806,1992,"{""geodesic"":false,""type"":""Point"",""coordinates"":[-62.21700216776862,-3.4650266296700245]}"
7_5,-735.7294,1992,"{""geodesic"":false,""type"":""Point"",""coordinates"":[-62.21673267318339,-3.4650266296700245]}"
7_6,-773.9772,1992,"{""geodesic"":false,""type"":""Point"",""coordinates"":[-62.216463178598154,-3.4650266296700245]}"
7_7,-751.65564,1992,"{""geodesic"":false,""type"":""Point"",""coordinates"":[-62.216193684012914,-3.4650266296700245]}"
7_8,-759.2857,1992,"{""geodesic"":false,""type"":""Point"",""coordinates"":[-62.21700216776862,-3.4647571350847888]}"
7_9,-773.9772,1992,"{""geodesic"":false,""type"":""Point"",""coordinates"":[-62.21673267318339,-3.4647571350847888]}"
7_10,-770.51416,1992,"{""geodesic"":false,""type"":""Point"",""coordinates"":[-62.216463178598154,-3.4647571350847888]}"
7_11,-770.436,1992,"{""geodesic"":false,""type"":""Point"",""coordinates"":[-62.216193684012914,-3.4647571350847888]}"
7_12,-763.1764,1992,"{""geodesic"":false,""type"":""Point"",""coordinates"":[-62.21700216776862,-3.464487640499553]}"
7_13,-755.3539,1992,"{""geodesic"":false,""type"":""Point"",""coordinates"":[-62.21673267318339,-3.464487640499553]}"
7_14,-766.8627,1992,"{""geodesic"":false,""type"":""Point"",""coordinates"":[-62.216463178598154,-3.464487640499553]}"
7_15,-786.9612,1992,"{""geodesic"":false,""type"":""Point"",""coordinates"":[-62.216193684012914,-3.464487640499553]}"
8_0,-809.1228,1993,"{""geodesic"":false,""type"":""Point"",""coordinates"":[-62.21700216776862,-3.4652961242552602]}"
8_1,-778.03467,1993,"{""geodesic"":false,""type"":""Point"",""coordinates"":[-62.21673267318339,-3.4652961242552602]}"
8_2,-804.1819,1993,"{""geodesic"":false,""type"":""Point"",""coordinates"":[-62.216463178598154,-3.4652961242552602]}"
8_3,-835.5502,1993,"{""geodesic"":false,""type"":""Point"",""coordinates"":[-62.216193684012914,-3.4652961242552602]}"
8_4,-799.41003,1993,"{""geodesic"":false,""type"":""Point"",""coordinates"":[-62.21700216776862,-3.4650266296700245]}"
8_5,-784.041,1993,"{""geodesic"":false,""type"":""Point"",""coordinates"":[-62.21673267318339,-3.4650266296700245]}"
8_6,-804.1819,1993,"{""geodesic"":false,""type"":""Point"",""coordinates"":[-62.216463178598154,-3.4650266296700245]}"
8_7,-809.2467,1993,"{""geodesic"":false,""type"":""Point"",""coordinates"":[-62.216193684012914,-3.4650266296700245]}"
8_8,-775.0343,1993,"{""geodesic"":false,""type"":""Point"",""coordinates"":[-62.21700216776862,-3.4647571350847888]}"
8_9,-781.7698,1993,"{""geodesic"":false,""type"":""Point"",""coordinates"":[-62.21673267318339,-3.4647571350847888]}"
8_10,-782.5798,1993,"{""geodesic"":false,""type"":""Point"",""coordinates"":[-62.216463178598154,-3.4647571350847888]}"
8_11,-804.1819,1993,"{""geodesic"":false,""type"":""Point"",""coordinates"":[-62.216193684012914,-3.4647571350847888]}"
8_12,-758.6667,1993,"{""geodesic"":false,""type"":""Point"",""coordinates"":[-62.21700216776862,-3.464487640499553]}"
8_13,-789.1683,1993,"{""geodesic"":false,""type"":""Point"",""coordinates"":[-62.21673267318339,-3.464487640499553]}"
8_14,-805.9953,1993,"{""geodesic"":false,""type"":""Point"",""coordinates"":[-62.216463178598154,-3.464487640499553]}"
8_15,-811.68207,1993,"{""geodesic"":false,""type"":""Point"",""coordinates"":[-62.216193684012914,-3.464487640499553]}"
9_0,-489.145,1994,"{""geodesic"":false,""type"":""Point"",""coordinates"":[-62.21700216776862,-3.4652961242552602]}"
9_1,-478.5789,1994,"{""geodesic"":false,""type"":""Point"",""coordinates"":[-62.21673267318339,-3.4652961242552602]}"
9_2,-441.86047,1994,"{""geodesic"":false,""type"":""Point"",""coordinates"":[-62.216463178598154,-3.4652961242552602]}"
9_3,-448.66385,1994,"{""geodesic"":false,""type"":""Point"",""coordinates"":[-62.216193684012914,-3.4652961242552602]}"
9_4,-496.5035,1994,"{""geodesic"":false,""type"":""Point"",""coordinates"":[-62.21700216776862,-3.4650266296700245]}"
9_5,-489.00806,1994,"{""geodesic"":false,""type"":""Point"",""coordinates"":[-62.21673267318339,-3.4650266296700245]}"
9_6,-448.66385,1994,"{""geodesic"":false,""type"":""Point"",""coordinates"":[-62.216463178598154,-3.4650266296700245]}"
9_7,-419.05856,1994,"{""geodesic"":false,""type"":""Point"",""coordinates"":[-62.216193684012914,-3.4650266296700245]}"
9_8,-481.92444,1994,"{""geodesic"":false,""type"":""Point"",""coordinates"":[-62.21700216776862,-3.4647571350847888]}"
9_9,-468.90927,1994,"{""geodesic"":false,""type"":""Point"",""coordinates"":[-62.21673267318339,-3.4647571350847888]}"
9_10,-489.2157,1994,"{""geodesic"":false,""type"":""Point"",""coordinates"":[-62.216463178598154,-3.4647571350847888]}"
9_11,-448.66385,1994,"{""geodesic"":false,""type"":""Point"",""coordinates"":[-62.216193684012914,-3.4647571350847888]}"
9_12,-530.92786,1994,"{""geodesic"":false,""type"":""Point"",""coordinates"":[-62.21700216776862,-3.464487640499553]}"
9_13,-544.4939,1994,"{""geodesic"":false,""type"":""Point"",""coordinates"":[-62.21673267318339,-3.464487640499553]}"
9_14,-489.2157,1994,"{""geodesic"":false,""type"":""Point"",""coordinates"":[-62.216463178598154,-3.464487640499553]}"
9_15,-439.14874,1994,"{""geodesic"":false,""type"":""Point"",""coordinates"":[-62.216193684012914,-3.464487640499553]}"
10_0,-798.5334,1995,"{""geodesic"":false,""type"":""Point"",""coordinates"":[-62.21700216776862,-3.4652961242552602]}"
10_1,-817.0478,1995,"{""geodesic"":false,""type"":""Point"",""coordinates"":[-62.21673267318339,-3.4652961242552602]}"
10_2,-799.86743,1995,"{""geodesic"":false,""type"":""Point"",""coordinates"":[-62.216463178598154,-3.4652961242552602]}"
10_3,-824.6557,1995,"{""geodesic"":false,""type"":""Point"",""coordinates"":[-62.216193684012914,-3.4652961242552602]}"
10_4,-790.6977,1995,"{""geodesic"":false,""type"":""Point"",""coordinates"":[-62.21700216776862,-3.4650266296700245]}"
10_5,-821.78217,1995,"{""geodesic"":false,""type"":""Point"",""coordinates"":[-62.21673267318339,-3.4650266296700245]}"
10_6,-772.1687,1995,"{""geodesic"":false,""type"":""Point"",""coordinates"":[-62.216463178598154,-3.4650266296700245]}"
10_7,-833.7741,1995,"{""geodesic"":false,""type"":""Point"",""coordinates"":[-62.216193684012914,-3.4650266296700245]}"
10_8,-796.633,1995,"{""geodesic"":false,""type"":""Point"",""coordinates"":[-62.21700216776862,-3.4647571350847888]}"
10_9,-821.78217,1995,"{""geodesic"":false,""type"":""Point"",""coordinates"":[-62.21673267318339,-3.4647571350847888]}"
10_10,-821.78217,1995,"{""geodesic"":false,""type"":""Point"",""coordinates"":[-62.216463178598154,-3.4647571350847888]}"
10_11,-818.8129,1995,"{""geodesic"":false,""type"":""Point"",""coordinates"":[-62.216193684012914,-3.4647571350847888]}"
10_12,-793.29224,1995,"{""geodesic"":false,""type"":""Point"",""coordinates"":[-62.21700216776862,-3.464487640499553]}"
10_13,-786.1947,1995,"{""geodesic"":false,""type"":""Point"",""coordinates"":[-62.21673267318339,-3.464487640499553]}"
10_14,-793.29224,1995,"{""geodesic"":false,""type"":""Point"",""coordinates"":[-62.216463178598154,-3.464487640499553]}"
10_15,-789.83997,1995,"{""geodesic"":false,""type"":""Point"",""coordinates"":[-62.216193684012914,-3.464487640499553]}"
11_0,-788.79895,1996,"{""geodesic"":false,""type"":""Point"",""coordinates"":[-62.21700216776862,-3.4652961242552602]}"
11_1,-802.0014,1996,"{""geodesic"":false,""type"":""Point"",""coordinates"":[-62.21673267318339,-3.4652961242552602]}"
11_2,-823.84735,1996,"{""geodesic"":false,""type"":""Point"",""coordinates"":[-62.216463178598154,-3.4652961242552602]}"
11_3,-826.2233,1996,"{""geodesic"":false,""type"":""Point"",""coordinates"":[-62.216193684012914,-3.4652961242552602]}"
11_4,-804.9982,1996,"{""geodesic"":false,""type"":""Point"",""coordinates"":[-62.21700216776862,-3.4650266296700245]}"
11_5,-833.6152,1996,"{""geodesic"":false,""type"":""Point"",""coordinates"":[-62.21673267318339,-3.4650266296700245]}"
11_6,-821.34796,1996,"{""geodesic"":false,""type"":""Point"",""coordinates"":[-62.216463178598154,-3.4650266296700245]}"
11_7,-810.79236,1996,"{""geodesic"":false,""type"":""Point"",""coordinates"":[-62.216193684012914,-3.4650266296700245]}"
11_8,-813.5308,1996,"{""geodesic"":false,""type"":""Point"",""coordinates"":[-62.21700216776862,-3.4647571350847888]}"
11_9,-828.5361,1996,"{""geodesic"":false,""type"":""Point"",""coordinates"":[-62.21673267318339,-3.4647571350847888]}"
11_10,-821.34796,1996,"{""geodesic"":false,""type"":""Point"",""coordinates"":[-62.216463178598154,-3.4647571350847888]}"
11_11,-818.8358,1996,"{""geodesic"":false,""type"":""Point"",""coordinates"":[-62.216193684012914,-3.4647571350847888]}"
11_12,-803.20654,1996,"{""geodesic"":false,""type"":""Point"",""coordinates"":[-62.21700216776862,-3.464487640499553]}"
11_13,-803.20654,1996,"{""geodesic"":false,""type"":""Point"",""coordinates"":[-62.21673267318339,-3.464487640499553]}"
11_14,-818.8358,1996,"{""geodesic"":false,""type"":""Point"",""coordinates"":[-62.216463178598154,-3.464487640499553]}"
11_15,-823.84735,1996,"{""geodesic"":false,""type"":""Point"",""coordinates"":[-62.216193684012914,-3.464487640499553]}"
12_0,-814.4402,1997,"{""geodesic"":false,""type"":""Point"",""coordinates"":[-62.21700216776862,-3.4652961242552602]}"
12_1,-862.89124,1997,"{""geodesic"":false,""type"":""Point"",""coordinates"":[-62.21673267318339,-3.4652961242552602]}"
12_2,-849.8403,1997,"{""geodesic"":false,""type"":""Point"",""coordinates"":[-62.216463178598154,-3.4652961242552602]}"
12_3,-838.901,1997,"{""geodesic"":false,""type"":""Point"",""coordinates"":[-62.216193684012914,-3.4652961242552602]}"
12_4,-807.3463,1997,"{""geodesic"":false,""type"":""Point"",""coordinates"":[-62.21700216776862,-3.4650266296700245]}"
12_5,-833.8636,1997,"{""geodesic"":false,""type"":""Point"",""coordinates"":[-62.21673267318339,-3.4650266296700245]}"
12_6,-849.86414,1997,"{""geodesic"":false,""type"":""Point"",""coordinates"":[-62.216463178598154,-3.4650266296700245]}"
12_7,-836.65717,1997,"{""geodesic"":false,""type"":""Point"",""coordinates"":[-62.216193684012914,-3.4650266296700245]}"
12_8,-841.1089,1997,"{""geodesic"":false,""type"":""Point"",""coordinates"":[-62.21700216776862,-3.4647571350847888]}"
12_9,-850.4927,1997,"{""geodesic"":false,""type"":""Point"",""coordinates"":[-62.21673267318339,-3.4647571350847888]}"
12_10,-852.695,1997,"{""geodesic"":false,""type"":""Point"",""coordinates"":[-62.216463178598154,-3.4647571350847888]}"
12_11,-827.5168,1997,"{""geodesic"":false,""type"":""Point"",""coordinates"":[-62.216193684012914,-3.4647571350847888]}"
12_12,-799.1803,1997,"{""geodesic"":false,""type"":""Point"",""coordinates"":[-62.21700216776862,-3.464487640499553]}"
12_13,-792.8848,1997,"{""geodesic"":false,""type"":""Point"",""coordinates"":[-62.21673267318339,-3.464487640499553]}"
12_14,-862.5171,1997,"{""geodesic"":false,""type"":""Point"",""coordinates"":[-62.216463178598154,-3.464487640499553]}"
12_15,-832.97644,1997,"{""geodesic"":false,""type"":""Point"",""coordinates"":[-62.216193684012914,-3.464487640499553]}"
13_0,-811.0465,1998,"{""geodesic"":false,""type"":""Point"",""coordinates"":[-62.21700216776862,-3.4652961242552602]}"
13_1,-780.6832,1998,"{""geodesic"":false,""type"":""Point"",""coordinates"":[-62.21673267318339,-3.4652961242552602]}"
13_2,-822.66345,1998,"{""geodesic"":false,""type"":""Point"",""coordinates"":[-62.216463178598154,-3.4652961242552602]}"
13_3,-832.30817,1998,"{""geodesic"":false,""type"":""Point"",""coordinates"":[-62.216193684012914,-3.4652961242552602]}"
13_4,-801.9048,1998,"{""geodesic"":false,""type"":""Point"",""coordinates"":[-62.21700216776862,-3.4650266296700245]}"
13_5,-860.5505,1998,"{""geodesic"":false,""type"":""Point"",""coordinates"":[-62.21673267318339,-3.4650266296700245]}"
13_6,-822.0397,1998,"{""geodesic"":false,""type"":""Point"",""coordinates"":[-62.216463178598154,-3.4650266296700245]}"
13_7,-814.6027,1998,"{""geodesic"":false,""type"":""Point"",""coordinates"":[-62.216193684012914,-3.4650266296700245]}"
13_8,-785.0638,1998,"{""geodesic"":false,""type"":""Point"",""coordinates"":[-62.21700216776862,-3.4647571350847888]}"
13_9,-803.26776,1998,"{""geodesic"":false,""type"":""Point"",""coordinates"":[-62.21673267318339,-3.4647571350847888]}"
13_10,-827.01263,1998,"{""geodesic"":false,""type"":""Point"",""coordinates"":[-62.216463178598154,-3.4647571350847888]}"
13_11,-819.44446,1998,"{""geodesic"":false,""type"":""Point"",""coordinates"":[-62.216193684012914,-3.4647571350847888]}"
13_12,-791.44574,1998,"{""geodesic"":false,""type"":""Point"",""coordinates"":[-62.21700216776862,-3.464487640499553]}"
13_13,-785.0638,1998,"{""geodesic"":false,""type"":""Point"",""coordinates"":[-62.21673267318339,-3.464487640499553]}"
13_14,-782.1068,1998,"{""geodesic"":false,""type"":""Point"",""coordinates"":[-62.216463178598154,-3.464487640499553]}"
13_15,-820.7643,1998,"{""geodesic"":false,""type"":""Point"",""coordinates"":[-62.216193684012914,-3.464487640499553]}"
14_0,-843.64606,1999,"{""geodesic"":false,""type"":""Point"",""coordinates"":[-62.21700216776862,-3.4652961242552602]}"
14_1,-875.0465,1999,"{""geodesic"":false,""type"":""Point"",""coordinates"":[-62.21673267318339,-3.4652961242552602]}"
14_2,-867.0577,1999,"{""geodesic"":false,""type"":""Point"",""coordinates"":[-62.216463178598154,-3.4652961242552602]}"
14_3,-865.8777,1999,"{""geodesic"":false,""type"":""Point"",""coordinates"":[-62.216193684012914,-3.4652961242552602]}"
14_4,-823.3083,1999,"{""geodesic"":false,""type"":""Point"",""coordinates"":[-62.21700216776862,-3.4650266296700245]}"
14_5,-867.70984,1999,"{""geodesic"":false,""type"":""Point"",""coordinates"":[-62.21673267318339,-3.4650266296700245]}"
14_6,-865.529,1999,"{""geodesic"":false,""type"":""Point"",""coordinates"":[-62.216463178598154,-3.4650266296700245]}"
14_7,-843.4093,1999,"{""geodesic"":false,""type"":""Point"",""coordinates"":[-62.216193684012914,-3.4650266296700245]}"
14_8,-822.11536,1999,"{""geodesic"":false,""type"":""Point"",""coordinates"":[-62.21700216776862,-3.4647571350847888]}"
14_9,-858.30884,1999,"{""geodesic"":false,""type"":""Point"",""coordinates"":[-62.21673267318339,-3.4647571350847888]}"
14_10,-829.7604,1999,"{""geodesic"":false,""type"":""Point"",""coordinates"":[-62.216463178598154,-3.4647571350847888]}"
14_11,-819.94,1999,"{""geodesic"":false,""type"":""Point"",""coordinates"":[-62.216193684012914,-3.4647571350847888]}"
14_12,-829.82916,1999,"{""geodesic"":false,""type"":""Point"",""coordinates"":[-62.21700216776862,-3.464487640499553]}"
14_13,-857.9618,1999,"{""geodesic"":false,""type"":""Point"",""coordinates"":[-62.21673267318339,-3.464487640499553]}"
14_14,-851.7287,1999,"{""geodesic"":false,""type"":""Point"",""coordinates"":[-62.216463178598154,-3.464487640499553]}"
14_15,-851.4208,1999,"{""geodesic"":false,""type"":""Point"",""coordinates"":[-62.216193684012914,-3.464487640499553]}"
15_0,-822.3573,2000,"{""geodesic"":false,""type"":""Point"",""coordinates"":[-62.21700216776862,-3.4652961242552602]}"
15_1,-835.34424,2000,"{""geodesic"":false,""type"":""Point"",""coordinates"":[-62.21673267318339,-3.4652961242552602]}"
15_2,-861.56525,2000,"{""geodesic"":false,""type"":""Point"",""coordinates"":[-62.216463178598154,-3.4652961242552602]}"
15_3,-836.79803,2000,"{""geodesic"":false,""type"":""Point"",""coordinates"":[-62.216193684012914,-3.4652961242552602]}"
15_4,-827.704,2000,"{""geodesic"":false,""type"":""Point"",""coordinates"":[-62.21700216776862,-3.4650266296700245]}"
15_5,-841.09204,2000,"{""geodesic"":false,""type"":""Point"",""coordinates"":[-62.21673267318339,-3.4650266296700245]}"
15_6,-854.0198,2000,"{""geodesic"":false,""type"":""Point"",""coordinates"":[-62.216463178598154,-3.4650266296700245]}"
15_7,-860.5591,2000,"{""geodesic"":false,""type"":""Point"",""coordinates"":[-62.216193684012914,-3.4650266296700245]}"
15_8,-822.1585,2000,"{""geodesic"":false,""type"":""Point"",""coordinates"":[-62.21700216776862,-3.4647571350847888]}"
15_9,-854.93536,2000,"{""geodesic"":false,""type"":""Point"",""coordinates"":[-62.21673267318339,-3.4647571350847888]}"
15_10,-860.6061,2000,"{""geodesic"":false,""type"":""Point"",""coordinates"":[-62.216463178598154,-3.4647571350847888]}"
15_11,-845.21387,2000,"{""geodesic"":false,""type"":""Point"",""coordinates"":[-62.216193684012914,-3.4647571350847888]}"
15_12,-780.30304,2000,"{""geodesic"":false,""type"":""Point"",""coordinates"":[-62.21700216776862,-3.464487640499553]}"
15_13,-845.8404,2000,"{""geodesic"":false,""type"":""Point"",""coordinates"":[-62.21673267318339,-3.464487640499553]}"
15_14,-858.46155,2000,"{""geodesic"":false,""type"":""Point"",""coordinates"":[-62.216463178598154,-3.464487640499553]}"
15_15,-804.8616,2000,"{""geodesic"":false,""type"":""Point"",""coordinates"":[-62.216193684012914,-3.464487640499553]}"
16_0,-843.4783,2001,"{""geodesic"":false,""type"":""Point"",""coordinates"":[-62.21700216776862,-3.4652961242552602]}"
16_1,-781.83295,2001,"{""geodesic"":false,""type"":""Point"",""coordinates"":[-62.21673267318339,-3.4652961242552602]}"
16_2,-851.1149,2001,"{""geodesic"":false,""type"":""Point"",""coordinates"":[-62.216463178598154,-3.4652961242552602]}"
16_3,-859.0878,2001,"{""geodesic"":false,""type"":""Point"",""coordinates"":[-62.216193684012914,-3.4652961242552602]}"
16_4,-837.52576,2001,"{""geodesic"":false,""type"":""Point"",""coordinates"":[-62.21700216776862,-3.4650266296700245]}"
16_5,-862.57764,2001,"{""geodesic"":false,""type"":""Point"",""coordinates"":[-62.21673267318339,-3.4650266296700245]}"
16_6,-875.0,2001,"{""geodesic"":false,""type"":""Point"",""coordinates"":[-62.216463178598154,-3.4650266296700245]}"
16_7,-863.85626,2001,"{""geodesic"":false,""type"":""Point"",""coordinates"":[-62.216193684012914,-3.4650266296700245]}"
16_8,-814.1177,2001,"{""geodesic"":false,""type"":""Point"",""coordinates"":[-62.21700216776862,-3.4647571350847888]}"
16_9,-865.8495,2001,"{""geodesic"":false,""type"":""Point"",""coordinates"":[-62.21673267318339,-3.4647571350847888]}"
16_10,-824.8915,2001,"{""geodesic"":false,""type"":""Point"",""coordinates"":[-62.216463178598154,-3.4647571350847888]}"
16_11,-824.8915,2001,"{""geodesic"":false,""type"":""Point"",""coordinates"":[-62.216193684012914,-3.4647571350847888]}"
16_12,-795.9484,2001,"{""geodesic"":false,""type"":""Point"",""coordinates"":[-62.21700216776862,-3.464487640499553]}"
16_13,-867.74084,2001,"{""geodesic"":false,""type"":""Point"",""coordinates"":[-62.21673267318339,-3.464487640499553]}"
16_14,-839.3188,2001,"{""geodesic"":false,""type"":""Point"",""coordinates"":[-62.216463178598154,-3.464487640499553]}"
16_15,-818.76105,2001,"{""geodesic"":false,""type"":""Point"",""coordinates"":[-62.216193684012914,-3.464487640499553]}"
17_0,-841.42395,2002,"{""geodesic"":false,""type"":""Point"",""coordinates"":[-62.21700216776862,-3.4652961242552602]}"
17_1,-851.07153,2002,"{""geodesic"":false,""type"":""Point"",""coordinates"":[-62.21673267318339,-3.4652961242552602]}"
17_2,-831.8528,2002,"{""geodesic"":false,""type"":""Point"",""coordinates"":[-62.216463178598154,-3.4652961242552602]}"
17_3,-881.23816,2002,"{""geodesic"":false,""type"":""Point"",""coordinates"":[-62.216193684012914,-3.4652961242552602]}"
17_4,-829.802,2002,"{""geodesic"":false,""type"":""Point"",""coordinates"":[-62.21700216776862,-3.4650266296700245]}"
17_5,-859.73315,2002,"{""geodesic"":false,""type"":""Point"",""coordinates"":[-62.21673267318339,-3.4650266296700245]}"
17_6,-855.39844,2002,"{""geodesic"":false,""type"":""Point"",""coordinates"":[-62.216463178598154,-3.4650266296700245]}"
17_7,-858.61743,2002,"{""geodesic"":false,""type"":""Point"",""coordinates"":[-62.216193684012914,-3.4650266296700245]}"
17_8,-801.80804,2002,"{""geodesic"":false,""type"":""Point"",""coordinates"":[-62.21700216776862,-3.4647571350847888]}"
17_9,-877.8878,2002,"{""geodesic"":false,""type"":""Point"",""coordinates"":[-62.21673267318339,-3.4647571350847888]}"
17_10,-857.33514,2002,"{""geodesic"":false,""type"":""Point"",""coordinates"":[-62.216463178598154,-3.4647571350847888]}"
17_11,-844.51324,2002,"{""geodesic"":false,""type"":""Point"",""coordinates"":[-62.216193684012914,-3.4647571350847888]}"
17_12,-800.9788,2002,"{""geodesic"":false,""type"":""Point"",""coordinates"":[-62.21700216776862,-3.464487640499553]}"
17_13,-823.29315,2002,"{""geodesic"":false,""type"":""Point"",""coordinates"":[-62.21673267318339,-3.464487640499553]}"
17_14,-883.81744,2002,"{""geodesic"":false,""type"":""Point"",""coordinates"":[-62.216463178598154,-3.464487640499553]}"
17_15,-860.7467,2002,"{""geodesic"":false,""type"":""Point"",""coordinates"":[-62.216193684012914,-3.464487640499553]}"
18_0,-836.23334,2003,"{""geodesic"":false,""type"":""Point"",""coordinates"":[-62.21700216776862,-3.4652961242552602]}"
18_1,-772.0531,2003,"{""geodesic"":false,""type"":""Point"",""coordinates"":[-62.21673267318339,-3.4652961242552602]}"
18_2,-851.6934,2003,"{""geodesic"":false,""type"":""Point"",""coordinates"":[-62.216463178598154,-3.4652961242552602]}"
18_3,-864.20166,2003,"{""geodesic"":false,""type"":""Point"",""coordinates"":[-62.216193684012914,-3.4652961242552602]}"
18_4,-850.4464,2003,"{""geodesic"":false,""type"":""Point"",""coordinates"":[-62.21700216776862,-3.4650266296700245]}"
18_5,-865.7611,2003,"{""geodesic"":false,""type"":""Point"",""coordinates"":[-62.21673267318339,-3.4650266296700245]}"
18_6,-860.99585,2003,"{""geodesic"":false,""type"":""Point"",""coordinates"":[-62.216463178598154,-3.4650266296700245]}"
18_7,-852.9903,2003,"{""geodesic"":false,""type"":""Point"",""coordinates"":[-62.216193684012914,-3.4650266296700245]}"
18_8,-787.5895,2003,"{""geodesic"":false,""type"":""Point"",""coordinates"":[-62.21700216776862,-3.4647571350847888]}"
18_9,-864.991,2003,"{""geodesic"":false,""type"":""Point"",""coordinates"":[-62.21673267318339,-3.4647571350847888]}"
18_10,-846.9463,2003,"{""geodesic"":false,""type"":""Point"",""coordinates"":[-62.216463178598154,-3.4647571350847888]}"
18_11,-831.51984,2003,"{""geodesic"":false,""type"":""Point"",""coordinates"":[-62.216193684012914,-3.4647571350847888]}"
18_12,-804.7067,2003,"{""geodesic"":false,""type"":""Point"",""coordinates"":[-62.21700216776862,-3.464487640499553]}"
18_13,-842.8291,2003,"{""geodesic"":false,""type"":""Point"",""coordinates"":[-62.21673267318339,-3.464487640499553]}"
18_14,-887.9278,2003,"{""geodesic"":false,""type"":""Point"",""coordinates"":[-62.216463178598154,-3.464487640499553]}"
18_15,-846.7433,2003,"{""geodesic"":false,""type"":""Point"",""coordinates"":[-62.216193684012914,-3.464487640499553]}"
19_0,-858.19794,2004,"{""geodesic"":false,""type"":""Point"",""coordinates"":[-62.21700216776862,-3.4652961242552602]}"
19_1,-803.0303,2004,"{""geodesic"":false,""type"":""Point"",""coordinates"":[-62.21673267318339,-3.4652961242552602]}"
19_2,-827.38446,2004,"{""geodesic"":false,""type"":""Point"",""coordinates"":[-62.216463178598154,-3.4652961242552602]}"
19_3,-819.6568,2004,"{""geodesic"":false,""type"":""Point"",""coordinates"":[-62.216193684012914,-3.4652961242552602]}"
19_4,-783.7079,2004,"{""geodesic"":false,""type"":""Point"",""coordinates"":[-62.21700216776862,-3.4650266296700245]}"
19_5,-786.8512,2004,"{""geodesic"":false,""type"":""Point"",""coordinates"":[-62.21673267318339,-3.4650266296700245]}"
19_6,-808.6362,2004,"{""geodesic"":false,""type"":""Point"",""coordinates"":[-62.216463178598154,-3.4650266296700245]}"
19_7,-809.1779,2004,"{""geodesic"":false,""type"":""Point"",""coordinates"":[-62.216193684012914,-3.4650266296700245]}"
19_8,-774.85675,2004,"{""geodesic"":false,""type"":""Point"",""coordinates"":[-62.21700216776862,-3.4647571350847888]}"
19_9,-810.1062,2004,"{""geodesic"":false,""type"":""Point"",""coordinates"":[-62.21673267318339,-3.4647571350847888]}"
19_10,-859.375,2004,"{""geodesic"":false,""type"":""Point"",""coordinates"":[-62.216463178598154,-3.4647571350847888]}"
19_11,-790.4211,2004,"{""geodesic"":false,""type"":""Point"",""coordinates"":[-62.216193684012914,-3.4647571350847888]}"
19_12,-836.06555,2004,"{""geodesic"":false,""type"":""Point"",""coordinates"":[-62.21700216776862,-3.464487640499553]}"
19_13,-870.61993,2004,"{""geodesic"":false,""type"":""Point"",""coordinates"":[-62.21673267318339,-3.464487640499553]}"
19_14,-833.71375,2004,"{""geodesic"":false,""type"":""Point"",""coordinates"":[-62.216463178598154,-3.464487640499553]}"
19_15,-809.1779,2004,"{""geodesic"":false,""type"":""Point"",""coordinates"":[-62.216193684012914,-3.464487640499553]}"
20_0,-861.0526,2005,"{""geodesic"":false,""type"":""Point"",""coordinates"":[-62.21700216776862,-3.4652961242552602]}"
20_1,-842.01074,2005,"{""geodesic"":false,""type"":""Point"",""coordinates"":[-62.21673267318339,-3.4652961242552602]}"
20_2,-862.0257,2005,"{""geodesic"":false,""type"":""Point"",""coordinates"":[-62.216463178598154,-3.4652961242552602]}"
20_3,-887.47614,2005,"{""geodesic"":false,""type"":""Point"",""coordinates"":[-62.216193684012914,-3.4652961242552602]}"
20_4,-821.3009,2005,"{""geodesic"":false,""type"":""Point"",""coordinates"":[-62.21700216776862,-3.4650266296700245]}"
20_5,-858.97437,2005,"{""geodesic"":false,""type"":""Point"",""coordinates"":[-62.21673267318339,-3.4650266296700245]}"
20_6,-855.92664,2005,"{""geodesic"":false,""type"":""Point"",""coordinates"":[-62.216463178598154,-3.4650266296700245]}"
20_7,-860.0509,2005,"{""geodesic"":false,""type"":""Point"",""coordinates"":[-62.216193684012914,-3.4650266296700245]}"
20_8,-842.1818,2005,"{""geodesic"":false,""type"":""Point"",""coordinates"":[-62.21700216776862,-3.4647571350847888]}"
20_9,-810.72974,2005,"{""geodesic"":false,""type"":""Point"",""coordinates"":[-62.21673267318339,-3.4647571350847888]}"
20_10,-833.83185,2005,"{""geodesic"":false,""type"":""Point"",""coordinates"":[-62.216463178598154,-3.4647571350847888]}"
20_11,-843.252,2005,"{""geodesic"":false,""type"":""Point"",""coordinates"":[-62.216193684012914,-3.4647571350847888]}"
20_12,-837.20123,2005,"{""geodesic"":false,""type"":""Point"",""coordinates"":[-62.21700216776862,-3.464487640499553]}"
20_13,-825.75275,2005,"{""geodesic"":false,""type"":""Point"",""coordinates"":[-62.21673267318339,-3.464487640499553]}"
20_14,-890.1399,2005,"{""geodesic"":false,""type"":""Point"",""coordinates"":[-62.216463178598154,-3.464487640499553]}"
20_15,-817.832,2005,"{""geodesic"":false,""type"":""Point"",""coordinates"":[-62.216193684012914,-3.464487640499553]}"
21_0,-823.08453,2006,"{""geodesic"":false,""type"":""Point"",""coordinates"":[-62.21700216776862,-3.4652961242552602]}"
21_1,-837.9299,2006,"{""geodesic"":false,""type"":""Point"",""coordinates"":[-62.21673267318339,-3.4652961242552602]}"
21_2,-849.64624,2006,"{""geodesic"":false,""type"":""Point"",""coordinates"":[-62.216463178598154,-3.4652961242552602]}"
21_3,-836.6727,2006,"{""geodesic"":false,""type"":""Point"",""coordinates"":[-62.216193684012914,-3.4652961242552602]}"
21_4,-811.8223,2006,"{""geodesic"":false,""type"":""Point"",""coordinates"":[-62.21700216776862,-3.4650266296700245]}"
21_5,-854.7899,2006,"{""geodesic"":false,""type"":""Point"",""coordinates"":[-62.21673267318339,-3.4650266296700245]}"
21_6,-850.83044,2006,"{""geodesic"":false,""type"":""Point"",""coordinates"":[-62.216463178598154,-3.4650266296700245]}"
21_7,-833.02295,2006,"{""geodesic"":false,""type"":""Point"",""coordinates"":[-62.216193684012914,-3.4650266296700245]}"
21_8,-816.5075,2006,"{""geodesic"":false,""type"":""Point"",""coordinates"":[-62.21700216776862,-3.4647571350847888]}"
21_9,-835.4271,2006,"{""geodesic"":false,""type"":""Point"",""coordinates"":[-62.21673267318339,-3.4647571350847888]}"
21_10,-869.4864,2006,"{""geodesic"":false,""type"":""Point"",""coordinates"":[-62.216463178598154,-3.4647571350847888]}"
21_11,-827.17633,2006,"{""geodesic"":false,""type"":""Point"",""coordinates"":[-62.216193684012914,-3.4647571350847888]}"
21_12,-831.2399,2006,"{""geodesic"":false,""type"":""Point"",""coordinates"":[-62.21700216776862,-3.464487640499553]}"
21_13,-822.0238,2006,"{""geodesic"":false,""type"":""Point"",""coordinates"":[-62.21673267318339,-3.464487640499553]}"
21_14,-805.27515,2006,"{""geodesic"":false,""type"":""Point"",""coordinates"":[-62.216463178598154,-3.464487640499553]}"
21_15,-833.02295,2006,"{""geodesic"":false,""type"":""Point"",""coordinates"":[-62.216193684012914,-3.464487640499553]}"
22_0,-807.159,2007,"{""geodesic"":false,""type"":""Point"",""coordinates"":[-62.21700216776862,-3.4652961242552602]}"
22_1,-856.723,2007,"{""geodesic"":false,""type"":""Point"",""coordinates"":[-62.21673267318339,-3.4652961242552602]}"
22_2,-814.05475,2007,"{""geodesic"":false,""type"":""Point"",""coordinates"":[-62.216463178598154,-3.4652961242552602]}"
22_3,-834.2644,2007,"{""geodesic"":false,""type"":""Point"",""coordinates"":[-62.216193684012914,-3.4652961242552602]}"
22_4,-777.5571,2007,"{""geodesic"":false,""type"":""Point"",""coordinates"":[-62.21700216776862,-3.4650266296700245]}"
22_5,-812.54407,2007,"{""geodesic"":false,""type"":""Point"",""coordinates"":[-62.21673267318339,-3.4650266296700245]}"
22_6,-811.58057,2007,"{""geodesic"":false,""type"":""Point"",""coordinates"":[-62.216463178598154,-3.4650266296700245]}"
22_7,-834.8339,2007,"{""geodesic"":false,""type"":""Point"",""coordinates"":[-62.216193684012914,-3.4650266296700245]}"
22_8,-822.74945,2007,"{""geodesic"":false,""type"":""Point"",""coordinates"":[-62.21700216776862,-3.4647571350847888]}"
22_9,-812.4016,2007,"{""geodesic"":false,""type"":""Point"",""coordinates"":[-62.21673267318339,-3.4647571350847888]}"
22_10,-810.1306,2007,"{""geodesic"":false,""type"":""Point"",""coordinates"":[-62.216463178598154,-3.4647571350847888]}"
22_11,-826.5971,2007,"{""geodesic"":false,""type"":""Point"",""coordinates"":[-62.216193684012914,-3.4647571350847888]}"
22_12,-826.6536,2007,"{""geodesic"":false,""type"":""Point"",""coordinates"":[-62.21700216776862,-3.464487640499553]}"
22_13,-778.44135,2007,"{""geodesic"":false,""type"":""Point"",""coordinates"":[-62.21673267318339,-3.464487640499553]}"
22_14,-834.8852,2007,"{""geodesic"":false,""type"":""Point"",""coordinates"":[-62.216463178598154,-3.464487640499553]}"
22_15,-830.8426,2007,"{""geodesic"":false,""type"":""Point"",""coordinates"":[-62.216193684012914,-3.464487640499553]}"
23_0,-817.8682,2008,"{""geodesic"":false,""type"":""Point"",""coordinates"":[-62.21700216776862,-3.4652961242552602]}"
23_1,-829.951,2008,"{""geodesic"":false,""type"":""Point"",""coordinates"":[-62.21673267318339,-3.4652961242552602]}"
23_2,-809.7983,2008,"{""geodesic"":false,""type"":""Point"",""coordinates"":[-62.216463178598154,-3.4652961242552602]}"
23_3,-834.7365,2008,"{""geodesic"":false,""type"":""Point"",""coordinates"":[-62.216193684012914,-3.4652961242552602]}"
23_4,-868.75,2008,"{""geodesic"":false,""type"":""Point"",""coordinates"":[-62.21700216776862,-3.4650266296700245]}"
23_5,-833.6918,2008,"{""geodesic"":false,""type"":""Point"",""coordinates"":[-62.21673267318339,-3.4650266296700245]}"
23_6,-807.45544,2008,"{""geodesic"":false,""type"":""Point"",""coordinates"":[-62.216463178598154,-3.4650266296700245]}"
23_7,-804.9902,2008,"{""geodesic"":false,""type"":""Point"",""coordinates"":[-62.216193684012914,-3.4650266296700245]}"
23_8,-822.521,2008,"{""geodesic"":false,""type"":""Point"",""coordinates"":[-62.21700216776862,-3.4647571350847888]}"
23_9,-831.256,2008,"{""geodesic"":false,""type"":""Point"",""coordinates"":[-62.21673267318339,-3.4647571350847888]}"
23_10,-884.4862,2008,"{""geodesic"":false,""type"":""Point"",""coordinates"":[-62.216463178598154,-3.4647571350847888]}"
23_11,-814.375,2008,"{""geodesic"":false,""type"":""Point"",""coordinates"":[-62.216193684012914,-3.4647571350847888]}"
23_12,-805.6467,2008,"{""geodesic"":false,""type"":""Point"",""coordinates"":[-62.21700216776862,-3.464487640499553]}"
23_13,-860.3352,2008,"{""geodesic"":false,""type"":""Point"",""coordinates"":[-62.21673267318339,-3.464487640499553]}"
23_14,-858.3589,2008,"{""geodesic"":false,""type"":""Point"",""coordinates"":[-62.216463178598154,-3.464487640499553]}"
23_15,-809.7983,2008,"{""geodesic"":false,""type"":""Point"",""coordinates"":[-62.216193684012914,-3.464487640499553]}"
24_0,-846.79877,2009,"{""geodesic"":false,""type"":""Point"",""coordinates"":[-62.21700216776862,-3.4652961242552602]}"
24_1,-816.8638,2009,"{""geodesic"":false,""type"":""Point"",""coordinates"":[-62.21673267318339,-3.4652961242552602]}"
24_2,-865.52216,2009,"{""geodesic"":false,""type"":""Point"",""coordinates"":[-62.216463178598154,-3.4652961242552602]}"
24_3,-863.9594,2009,"{""geodesic"":false,""type"":""Point"",""coordinates"":[-62.216193684012914,-3.4652961242552602]}"
24_4,-822.4852,2009,"{""geodesic"":false,""type"":""Point"",""coordinates"":[-62.21700216776862,-3.4650266296700245]}"
24_5,-825.00885,2009,"{""geodesic"":false,""type"":""Point"",""coordinates"":[-62.21673267318339,-3.4650266296700245]}"
24_6,-865.86584,2009,"{""geodesic"":false,""type"":""Point"",""coordinates"":[-62.216463178598154,-3.4650266296700245]}"
24_7,-877.7703,2009,"{""geodesic"":false,""type"":""Point"",""coordinates"":[-62.216193684012914,-3.4650266296700245]}"
24_8,-794.1503,2009,"{""geodesic"":false,""type"":""Point"",""coordinates"":[-62.21700216776862,-3.4647571350847888]}"
24_9,-843.36066,2009,"{""geodesic"":false,""type"":""Point"",""coordinates"":[-62.21673267318339,-3.4647571350847888]}"
24_10,-871.512,2009,"{""geodesic"":false,""type"":""Point"",""coordinates"":[-62.216463178598154,-3.4647571350847888]}"
24_11,-865.86584,2009,"{""geodesic"":false,""type"":""Point"",""coordinates"":[-62.216193684012914,-3.4647571350847888]}"
24_12,-826.77167,2009,"{""geodesic"":false,""type"":""Point"",""coordinates"":[-62.21700216776862,-3.464487640499553]}"
24_13,-850.8498,2009,"{""geodesic"":false,""type"":""Point"",""coordinates"":[-62.21673267318339,-3.464487640499553]}"
24_14,-837.4534,2009,"{""geodesic"":false,""type"":""Point"",""coordinates"":[-62.216463178598154,-3.464487640499553]}"
24_15,-845.614,2009,"{""geodesic"":false,""type"":""Point"",""coordinates"":[-62.216193684012914,-3.464487640499553]}"
25_0,-858.47174,2010,"{""geodesic"":false,""type"":""Point"",""coordinates"":[-62.21700216776862,-3.4652961242552602]}"
25_1,-856.3722,2010,"{""geodesic"":false,""type"":""Point"",""coordinates"":[-62.21673267318339,-3.4652961242552602]}"
25_2,-852.08594,2010,"{""geodesic"":false,""type"":""Point"",""coordinates"":[-62.216463178598154,-3.4652961242552602]}"
25_3,-872.6156,2010,"{""geodesic"":false,""type"":""Point"",""coordinates"":[-62.216193684012914,-3.4652961242552602]}"
25_4,-862.4302,2010,"{""geodesic"":false,""type"":""Point"",""coordinates"":[-62.21700216776862,-3.4650266296700245]}"
25_5,-847.2571,2010,"{""geodesic"":false,""type"":""Point"",""coordinates"":[-62.21673267318339,-3.4650266296700245]}"
25_6,-854.6475,2010,"{""geodesic"":false,""type"":""Point"",""coordinates"":[-62.216463178598154,-3.4650266296700245]}"
25_7,-866.332,2010,"{""geodesic"":false,""type"":""Point"",""coordinates"":[-62.216193684012914,-3.4650266296700245]}"
25_8,-813.3431,2010,"{""geodesic"":false,""type"":""Point"",""coordinates"":[-62.21700216776862,-3.4647571350847888]}"
25_9,-856.3722,2010,"{""geodesic"":false,""type"":""Point"",""coordinates"":[-62.21673267318339,-3.4647571350847888]}"
25_10,-874.2018,2010,"{""geodesic"":false,""type"":""Point"",""coordinates"":[-62.216463178598154,-3.4647571350847888]}"
25_11,-862.5363,2010,"{""geodesic"":false,""type"":""Point"",""coordinates"":[-62.216193684012914,-3.4647571350847888]}"
25_12,-832.79974,2010,"{""geodesic"":false,""type"":""Point"",""coordinates"":[-62.21700216776862,-3.464487640499553]}"
25_13,-857.44617,2010,"{""geodesic"":false,""type"":""Point"",""coordinates"":[-62.21673267318339,-3.464487640499553]}"
25_14,-876.7617,2010,"{""geodesic"":false,""type"":""Point"",""coordinates"":[-62.216463178598154,-3.464487640499553]}"
25_15,-850.0,2010,"{""geodesic"":false,""type"":""Point"",""coordinates"":[-62.216193684012914,-3.464487640499553]}"
26_0,-799.23517,2011,"{""geodesic"":false,""type"":""Point"",""coordinates"":[-62.21700216776862,-3.4652961242552602]}"
26_1,-807.7298,2011,"{""geodesic"":false,""type"":""Point"",""coordinates"":[-62.21673267318339,-3.4652961242552602]}"
26_2,-790.8768,2011,"{""geodesic"":false,""type"":""Point"",""coordinates"":[-62.216463178598154,-3.4652961242552602]}"
26_3,-812.59894,2011,"{""geodesic"":false,""type"":""Point"",""coordinates"":[-62.216193684012914,-3.4652961242552602]}"
26_4,-772.5364,2011,"{""geodesic"":false,""type"":""Point"",""coordinates"":[-62.21700216776862,-3.4650266296700245]}"
26_5,-805.7293,2011,"{""geodesic"":false,""type"":""Point"",""coordinates"":[-62.21673267318339,-3.4650266296700245]}"
26_6,-777.1226,2011,"{""geodesic"":false,""type"":""Point"",""coordinates"":[-62.216463178598154,-3.4650266296700245]}"
26_7,-816.88464,2011,"{""geodesic"":false,""type"":""Point"",""coordinates"":[-62.216193684012914,-3.4650266296700245]}"
26_8,-747.8176,2011,"{""geodesic"":false,""type"":""Point"",""coordinates"":[-62.21700216776862,-3.4647571350847888]}"
26_9,-799.8087,2011,"{""geodesic"":false,""type"":""Point"",""coordinates"":[-62.21673267318339,-3.4647571350847888]}"
26_10,-774.32837,2011,"{""geodesic"":false,""type"":""Point"",""coordinates"":[-62.216463178598154,-3.4647571350847888]}"
26_11,-794.19037,2011,"{""geodesic"":false,""type"":""Point"",""coordinates"":[-62.216193684012914,-3.4647571350847888]}"
26_12,-737.14655,2011,"{""geodesic"":false,""type"":""Point"",""coordinates"":[-62.21700216776862,-3.464487640499553]}"
26_13,-753.44104,2011,"{""geodesic"":false,""type"":""Point"",""coordinates"":[-62.21673267318339,-3.464487640499553]}"
26_14,-793.0618,2011,"{""geodesic"":false,""type"":""Point"",""coordinates"":[-62.216463178598154,-3.464487640499553]}"
26_15,-782.0146,2011,"{""geodesic"":false,""type"":""Point"",""coordinates"":[-62.216193684012914,-3.464487640499553]}"
27_0,-838.3275,2012,"{""geodesic"":false,""type"":""Point"",""coordinates"":[-62.21700216776862,-3.4652961242552602]}"
27_1,-849.31506,2012,"{""geodesic"":false,""type"":""Point"",""coordinates"":[-62.21673267318339,-3.4652961242552602]}"
27_2,-838.27844,2012,"{""geodesic"":false,""type"":""Point"",""coordinates"":[-62.216463178598154,-3.4652961242552602]}"
27_3,-889.313,2012,"{""geodesic"":false,""type"":""Point"",""coordinates"":[-62.216193684012914,-3.4652961242552602]}"
27_4,-840.6951,2012,"{""geodesic"":false,""type"":""Point"",""coordinates"":[-62.21700216776862,-3.4650266296700245]}"
27_5,-834.0027,2012,"{""geodesic"":false,""type"":""Point"",""coordinates"":[-62.21673267318339,-3.4650266296700245]}"
27_6,-842.3395,2012,"{""geodesic"":false,""type"":""Point"",""coordinates"":[-62.216463178598154,-3.4650266296700245]}"
27_7,-876.3354,2012,"{""geodesic"":false,""type"":""Point"",""coordinates"":[-62.216193684012914,-3.4650266296700245]}"
27_8,-849.31506,2012,"{""geodesic"":false,""type"":""Point"",""coordinates"":[-62.21700216776862,-3.4647571350847888]}"
27_9,-838.27844,2012,"{""geodesic"":false,""type"":""Point"",""coordinates"":[-62.21673267318339,-3.4647571350847888]}"
27_10,-840.3605,2012,"{""geodesic"":false,""type"":""Point"",""coordinates"":[-62.216463178598154,-3.4647571350847888]}"
27_11,-866.7979,2012,"{""geodesic"":false,""type"":""Point"",""coordinates"":[-62.216193684012914,-3.4647571350847888]}"
27_12,-861.1016,2012,"{""geodesic"":false,""type"":""Point"",""coordinates"":[-62.21700216776862,-3.464487640499553]}"
27_13,-831.88403,2012,"{""geodesic"":false,""type"":""Point"",""coordinates"":[-62.21673267318339,-3.464487640499553]}"
27_14,-861.1016,2012,"{""geodesic"":false,""type"":""Point"",""coordinates"":[-62.216463178598154,-3.464487640499553]}"
27_15,-883.1038,2012,"{""geodesic"":false,""type"":""Point"",""coordinates"":[-62.216193684012914,-3.464487640499553]}"
28_0,-844.25696,2013,"{""geodesic"":false,""type"":""Point"",""coordinates"":[-62.21700216776862,-3.4652961242552602]}"
28_1,-849.67786,2013,"{""geodesic"":false,""type"":""Point"",""coordinates"":[-62.21673267318339,-3.4652961242552602]}"
28_2,-853.3494,2013,"{""geodesic"":false,""type"":""Point"",""coordinates"":[-62.216463178598154,-3.4652961242552602]}"
28_3,-876.69464,2013,"{""geodesic"":false,""type"":""Point"",""coordinates"":[-62.216193684012914,-3.4652961242552602]}"
28_4,-836.3206,2013,"{""geodesic"":false,""type"":""Point"",""coordinates"":[-62.21700216776862,-3.4650266296700245]}"
28_5,-858.92114,2013,"{""geodesic"":false,""type"":""Point"",""coordinates"":[-62.21673267318339,-3.4650266296700245]}"
28_6,-868.90247,2013,"{""geodesic"":false,""type"":""Point"",""coordinates"":[-62.216463178598154,-3.4650266296700245]}"
28_7,-873.8247,2013,"{""geodesic"":false,""type"":""Point"",""coordinates"":[-62.216193684012914,-3.4650266296700245]}"
28_8,-827.82367,2013,"{""geodesic"":false,""type"":""Point"",""coordinates"":[-62.21700216776862,-3.4647571350847888]}"
28_9,-849.0214,2013,"{""geodesic"":false,""type"":""Point"",""coordinates"":[-62.21673267318339,-3.4647571350847888]}"
28_10,-869.9525,2013,"{""geodesic"":false,""type"":""Point"",""coordinates"":[-62.216463178598154,-3.4647571350847888]}"
28_11,-871.08545,2013,"{""geodesic"":false,""type"":""Point"",""coordinates"":[-62.216193684012914,-3.4647571350847888]}"
28_12,-830.9475,2013,"{""geodesic"":false,""type"":""Point"",""coordinates"":[-62.21700216776862,-3.464487640499553]}"
28_13,-858.1936,2013,"{""geodesic"":false,""type"":""Point"",""coordinates"":[-62.21673267318339,-3.464487640499553]}"
28_14,-874.31024,2013,"{""geodesic"":false,""type"":""Point"",""coordinates"":[-62.216463178598154,-3.464487640499553]}"
28_15,-867.36584,2013,"{""geodesic"":false,""type"":""Point"",""coordinates"":[-62.216193684012914,-3.464487640499553]}"
29_0,-830.02057,2014,"{""geodesic"":false,""type"":""Point"",""coordinates"":[-62.21700216776862,-3.4652961242552602]}"
29_1,-856.8083,2014,"{""geodesic"":false,""type"":""Point"",""coordinates"":[-62.21673267318339,-3.4652961242552602]}"
29_2,-847.67194,2014,"{""geodesic"":false,""type"":""Point"",""coordinates"":[-62.216463178598154,-3.4652961242552602]}"
29_3,-861.71497,2014,"{""geodesic"":false,""type"":""Point"",""coordinates"":[-62.216193684012914,-3.4652961242552602]}"
29_4,-837.393,2014,"{""geodesic"":false,""type"":""Point"",""coordinates"":[-62.21700216776862,-3.4650266296700245]}"
29_5,-854.35284,2014,"{""geodesic"":false,""type"":""Point"",""coordinates"":[-62.21673267318339,-3.4650266296700245]}"
29_6,-871.2166,2014,"{""geodesic"":false,""type"":""Point"",""coordinates"":[-62.216463178598154,-3.4650266296700245]}"
29_7,-866.00354,2014,"{""geodesic"":false,""type"":""Point"",""coordinates"":[-62.216193684012914,-3.4650266296700245]}"
29_8,-821.20306,2014,"{""geodesic"":false,""type"":""Point"",""coordinates"":[-62.21700216776862,-3.4647571350847888]}"
29_9,-865.94666,2014,"{""geodesic"":false,""type"":""Point"",""coordinates"":[-62.21673267318339,-3.4647571350847888]}"
29_10,-850.04517,2014,"{""geodesic"":false,""type"":""Point"",""coordinates"":[-62.216463178598154,-3.4647571350847888]}"
29_11,-865.2941,2014,"{""geodesic"":false,""type"":""Point"",""coordinates"":[-62.216193684012914,-3.4647571350847888]}"
29_12,-821.7434,2014,"{""geodesic"":false,""type"":""Point"",""coordinates"":[-62.21700216776862,-3.464487640499553]}"
29_13,-856.11096,2014,"{""geodesic"":false,""type"":""Point"",""coordinates"":[-62.21673267318339,-3.464487640499553]}"
29_14,-861.7763,2014,"{""geodesic"":false,""type"":""Point"",""coordinates"":[-62.216463178598154,-3.464487640499553]}"
29_15,-852.6627,2014,"{""geodesic"":false,""type"":""Point"",""coordinates"":[-62.216193684012914,-3.464487640499553]}"
30_0,-818.43774,2015,"{""geodesic"":false,""type"":""Point"",""coordinates"":[-62.21700216776862,-3.4652961242552602]}"
30_1,-835.86206,2015,"{""geodesic"":false,""type"":""Point"",""coordinates"":[-62.21673267318339,-3.4652961242552602]}"
30_2,-853.0587,2015,"{""geodesic"":false,""type"":""Point"",""coordinates"":[-62.216463178598154,-3.4652961242552602]}"
30_3,-862.0261,2015,"{""geodesic"":false,""type"":""Point"",""coordinates"":[-62.216193684012914,-3.4652961242552602]}"
30_4,-819.1933,2015,"{""geodesic"":false,""type"":""Point"",""coordinates"":[-62.21700216776862,-3.4650266296700245]}"
30_5,-829.1815,2015,"{""geodesic"":false,""type"":""Point"",""coordinates"":[-62.21673267318339,-3.4650266296700245]}"
30_6,-834.20325,2015,"{""geodesic"":false,""type"":""Point"",""coordinates"":[-62.216463178598154,-3.4650266296700245]}"
30_7,-851.3392,2015,"{""geodesic"":false,""type"":""Point"",""coordinates"":[-62.216193684012914,-3.4650266296700245]}"
30_8,-791.8455,2015,"{""geodesic"":false,""type"":""Point"",""coordinates"":[-62.21700216776862,-3.4647571350847888]}"
30_9,-832.8474,2015,"{""geodesic"":false,""type"":""Point"",""coordinates"":[-62.21673267318339,-3.4647571350847888]}"
30_10,-853.96826,2015,"{""geodesic"":false,""type"":""Point"",""coordinates"":[-62.216463178598154,-3.4647571350847888]}"
30_11,-839.8087,2015,"{""geodesic"":false,""type"":""Point"",""coordinates"":[-62.216193684012914,-3.4647571350847888]}"
30_12,-787.2792,2015,"{""geodesic"":false,""type"":""Point"",""coordinates"":[-62.21700216776862,-3.464487640499553]}"
30_13,-831.3331,2015,"{""geodesic"":false,""type"":""Point"",""coordinates"":[-62.21673267318339,-3.464487640499553]}"
30_14,-859.82477,2015,"{""geodesic"":false,""type"":""Point"",""coordinates"":[-62.216463178598154,-3.464487640499553]}"
30_15,-849.4048,2015,"{""geodesic"":false,""type"":""Point"",""coordinates"":[-62.216193684012914,-3.464487640499553]}"
31_0,-841.30286,2016,"{""geodesic"":false,""type"":""Point"",""coordinates"":[-62.21700216776862,-3.4652961242552602]}"
31_1,-843.4656,2016,"{""geodesic"":false,""type"":""Point"",""coordinates"":[-62.21673267318339,-3.4652961242552602]}"
31_2,-847.4016,2016,"{""geodesic"":false,""type"":""Point"",""coordinates"":[-62.216463178598154,-3.4652961242552602]}"
31_3,-860.8985,2016,"{""geodesic"":false,""type"":""Point"",""coordinates"":[-62.216193684012914,-3.4652961242552602]}"
31_4,-830.605,2016,"{""geodesic"":false,""type"":""Point"",""coordinates"":[-62.21700216776862,-3.4650266296700245]}"
31_5,-817.8584,2016,"{""geodesic"":false,""type"":""Point"",""coordinates"":[-62.21673267318339,-3.4650266296700245]}"
31_6,-837.9255,2016,"{""geodesic"":false,""type"":""Point"",""coordinates"":[-62.216463178598154,-3.4650266296700245]}"
31_7,-856.0794,2016,"{""geodesic"":false,""type"":""Point"",""coordinates"":[-62.216193684012914,-3.4650266296700245]}"
31_8,-833.3333,2016,"{""geodesic"":false,""type"":""Point"",""coordinates"":[-62.21700216776862,-3.4647571350847888]}"
31_9,-825.5172,2016,"{""geodesic"":false,""type"":""Point"",""coordinates"":[-62.21673267318339,-3.4647571350847888]}"
31_10,-848.2315,2016,"{""geodesic"":false,""type"":""Point"",""coordinates"":[-62.216463178598154,-3.4647571350847888]}"
31_11,-854.51196,2016,"{""geodesic"":false,""type"":""Point"",""coordinates"":[-62.216193684012914,-3.4647571350847888]}"
31_12,-830.0795,2016,"{""geodesic"":false,""type"":""Point"",""coordinates"":[-62.21700216776862,-3.464487640499553]}"
31_13,-844.42303,2016,"{""geodesic"":false,""type"":""Point"",""coordinates"":[-62.21673267318339,-3.464487640499553]}"
31_14,-888.99585,2016,"{""geodesic"":false,""type"":""Point"",""coordinates"":[-62.216463178598154,-3.464487640499553]}"
31_15,-856.7916,2016,"{""geodesic"":false,""type"":""Point"",""coordinates"":[-62.216193684012914,-3.464487640499553]}"
32_0,-835.44305,2017,"{""geodesic"":false,""type"":""Point"",""coordinates"":[-62.21700216776862,-3.4652961242552602]}"
32_1,-861.8746,2017,"{""geodesic"":false,""type"":""Point"",""coordinates"":[-62.21673267318339,-3.4652961242552602]}"
32_2,-848.88605,2017,"{""geodesic"":false,""type"":""Point"",""coordinates"":[-62.216463178598154,-3.4652961242552602]}"
32_3,-877.8382,2017,"{""geodesic"":false,""type"":""Point"",""coordinates"":[-62.216193684012914,-3.4652961242552602]}"
32_4,-833.05054,2017,"{""geodesic"":false,""type"":""Point"",""coordinates"":[-62.21700216776862,-3.4650266296700245]}"
32_5,-846.0486,2017,"{""geodesic"":false,""type"":""Point"",""coordinates"":[-62.21673267318339,-3.4650266296700245]}"
32_6,-841.3492,2017,"{""geodesic"":false,""type"":""Point"",""coordinates"":[-62.216463178598154,-3.4650266296700245]}"
32_7,-864.564,2017,"{""geodesic"":false,""type"":""Point"",""coordinates"":[-62.216193684012914,-3.4650266296700245]}"
32_8,-849.9486,2017,"{""geodesic"":false,""type"":""Point"",""coordinates"":[-62.21700216776862,-3.4647571350847888]}"
32_9,-842.1225,2017,"{""geodesic"":false,""type"":""Point"",""coordinates"":[-62.21673267318339,-3.4647571350847888]}"
32_10,-859.523,2017,"{""geodesic"":false,""type"":""Point"",""coordinates"":[-62.216463178598154,-3.4647571350847888]}"
32_11,-847.2524,2017,"{""geodesic"":false,""type"":""Point"",""coordinates"":[-62.216193684012914,-3.4647571350847888]}"
32_12,-820.4456,2017,"{""geodesic"":false,""type"":""Point"",""coordinates"":[-62.21700216776862,-3.464487640499553]}"
32_13,-864.13214,2017,"{""geodesic"":false,""type"":""Point"",""coordinates"":[-62.21673267318339,-3.464487640499553]}"
32_14,-850.2012,2017,"{""geodesic"":false,""type"":""Point"",""coordinates"":[-62.216463178598154,-3.464487640499553]}"
32_15,-861.53845,2017,"{""geodesic"":false,""type"":""Point"",""coordinates"":[-62.216193684012914,-3.464487640499553]}"
